,book_code,title,availability
0,3898919704,Opadanje i propast Rimskog carstva,Available
1,0927379049,Opadanje i propast Rimskog carstva,Available
2,6434285280,Opadanje i propast Rimskog carstva,Available
3,9336921345,Opadanje i propast Rimskog carstva,Available
4,1166109815,Opadanje i propast Rimskog carstva,Available
5,7660263643,Opadanje i propast Rimskog carstva,Available
6,9254781745,Opadanje i propast Rimskog carstva,Available
7,8801720493,Judejski rat,Available
8,5198296999,Judejski rat,Available
9,9492944110,Judejski rat,Available
10,3111637262,Judejski rat,Available
11,2392122708,Judejski rat,Available
12,3456280488,Judejski rat,Available
13,3246186819,Judejski rat,Available
14,3719092829,Judejski rat,Available
15,4352171038,Judejske starine,Available
16,4135005639,Judejske starine,Available
17,7495239176,Judejske starine,Available
18,7706562245,Judejske starine,Available
19,2298606403,Pisma prijatelju,Available
20,1820022704,Pisma prijatelju,Available
21,6723166503,Pisma prijatelju,Available
22,4162229475,Pitijski dijalozi,Available
23,3026663199,Pitijski dijalozi,Available
24,6989453466,Pitijski dijalozi,Available
25,3888853298,Pitijski dijalozi,Available
26,8743488079,Pitijski dijalozi,Available
27,5076622756,Pitijski dijalozi,Available
28,3119144341,Pitijski dijalozi,Available
29,5430573586,Pitijski dijalozi,Available
30,8271984001,Pitijski dijalozi,Available
31,1492109746,Pitijski dijalozi,Available
32,5006165128,Pitijski dijalozi,Available
33,7175082035,Pitijski dijalozi,Available
34,6914067300,Peloponeski rat,Available
35,1694508081,Peloponeski rat,Available
36,8044254425,Anali,Available
37,4537344919,Anali,Available
38,4374535578,Anali,Available
39,6369879920,Anali,Available
40,8228141076,Anali,Available
41,3882567396,Anali,Available
42,4704911387,Anali,Available
43,9996942834,Anali,Available
44,4269684737,Anali,Available
45,0328400961,Anali,Available
46,6830430016,Anali,Available
47,6975483495,Anali,Available
48,9686025987,Srednjobalkanska plemena u predrimsko doba,Available
49,4473019215,Srednjobalkanska plemena u predrimsko doba,Available
50,9469001141,Srednjobalkanska plemena u predrimsko doba,Available
51,6129272962,Istorija starog sveta,Available
52,7017193472,Istorija starog sveta,Available
53,4663486550,Istorija starog sveta,Available
54,8138117480,Istorija starog sveta,Available
55,7625681968,Istorija starog sveta,Available
56,0335113829,Istorija starog sveta,Available
57,7636342790,Istorija starog sveta,Available
58,7832543900,Pisma Atiku,Available
59,6564345535,Pisma Atiku,Available
60,3125859666,Pisma Atiku,Available
61,7530169727,Istorija,Available
62,7758008126,Istorija,Available
63,3929360322,Istorija,Available
64,3421662039,Kolubarska bitka,Available
65,7365111620,Kolubarska bitka,Available
66,0262179220,Kolubarska bitka,Available
67,8667547685,Kolubarska bitka,Available
68,9616326072,Kolubarska bitka,Available
69,4193559084,Kolubarska bitka,Available
70,2873428320,Kolubarska bitka,Available
71,6424305090,Kolubarska bitka,Available
72,3559129560,Srbi i Turci XIV i XV veka,Available
73,9693578265,Srbi i Turci XIV i XV veka,Available
74,0758875495,Srbi i Turci XIV i XV veka,Available
75,6737405398,Srbi i Turci XIV i XV veka,Available
76,7973493724,Srbi i Turci XIV i XV veka,Available
77,8199128560,Srbi i Turci XIV i XV veka,Available
78,0165206149,Srbi i Turci XIV i XV veka,Available
79,3011675010,Srbi i Turci XIV i XV veka,Available
80,6881982239,Srbi i Turci XIV i XV veka,Available
81,9778351302,Judejske starine,Available
82,9211566669,Judejski rat,Available
83,2935045708,Pisma Atiku,Available
84,5343251835,Opadanje i propast Rimskog carstva,Available
85,2129031364,Istorija,Available
86,3972721238,Pitijski dijalozi,Available
87,1259132297,Srednjobalkanska plemena u predrimsko doba,Available
88,7266233941,Opadanje i propast Rimskog carstva,Available
89,7909647490,Anali,Available
90,9323897407,Anali,Available
91,9998263708,Istorija,Available
92,1535262521,Istorija,Available
93,9355014641,Kolubarska bitka,Available
94,1651121835,Kolubarska bitka,Available
95,2258992818,Kolubarska bitka,Available
96,8137053385,Srednjobalkanska plemena u predrimsko doba,Available
97,9744451387,Judejski rat,Available
98,4488013468,Anali,Available
99,9159966357,Opadanje i propast Rimskog carstva,Available
100,7988063344,Kolubarska bitka,Available
101,1641470244,Judejske starine,Available
102,1874728067,Pitijski dijalozi,Available
103,8592097536,Istorija starog sveta,Rented
104,0987828758,Judejski rat,Available
105,1377849904,Istorija,Available
106,4879449723,Srbi i Turci XIV i XV veka,Available
107,4540492447,Srbi i Turci XIV i XV veka,Available
108,1276423798,Srbi i Turci XIV i XV veka,Available
109,7267112207,Srbi i Turci XIV i XV veka,Available
110,2740756876,Srbi i Turci XIV i XV veka,Available
111,8326554861,Srbi i Turci XIV i XV veka,Available
112,4044206863,Gorski vijenac,Available
113,7681943510,Gorski vijenac,Available
114,4689221957,Gorski vijenac,Available
115,7695770644,Gorski vijenac,Available
116,6258587104,Gorski vijenac,Available
117,2801679204,Luča Mikrokozma,Available
118,8297968161,Luča Mikrokozma,Available
119,2947837346,Luča Mikrokozma,Available
120,8353876781,Luča Mikrokozma,Available
121,3700444474,Na Drini ćuprija,Available
122,9606736313,Na Drini ćuprija,Available
123,5255052833,Na Drini ćuprija,Available
124,9362093197,Na Drini ćuprija,Available
125,4142847599,Derviš i smrt,Available
126,3266100413,Zamalek,Available
127,4108294986,Zamalek,Available
128,6529676631,Zamalek,Available
129,1736563572,Zamalek,Available
130,0529234862,Zamalek,Available
131,1162264762,Zamalek,Available
132,0621548739,Zamalek,Available
133,3159352490,Zamalek,Available
134,7588505515,Zamalek,Available
135,5203164802,Zamalek,Available
136,7353031965,Zamalek,Available
137,3043891347,Plime rata,Available
138,2721197311,Plime rata,Available
139,2809156529,Plime rata,Available
140,4532475475,Plime rata,Available
141,9144682634,Plime rata,Available
142,7480779860,Plime rata,Available
143,3110831906,Plime rata,Available
144,5446039207,Vreme zla - Grešnik,Available
145,6823102840,Vreme zla - Grešnik,Available
146,9832447067,Vreme zla - Grešnik,Available
147,4001856280,Vreme zla - Grešnik,Available
148,8275150194,Vreme zla - Grešnik,Available
149,6803881065,Vreme zla - Grešnik,Available
150,0692756291,Vreme zla - Grešnik,Available
151,6724133928,Vreme zla - Grešnik,Available
152,4588440984,Vreme zla - Grešnik,Available
153,7905861475,Vreme zla - Grešnik,Available
154,1386194509,Vreme zla - Otpadnik,Available
155,2220041885,Vreme zla - Otpadnik,Available
156,3038562271,Vreme zla - Otpadnik,Available
157,7518809939,Vreme zla - Otpadnik,Available
158,7113655885,Vreme zla - Otpadnik,Available
159,7861042447,Vreme zla - Otpadnik,Available
160,6907474813,Vreme zla - Otpadnik,Available
161,5626417496,Vreme zla - Vrenik,Available
162,3247553258,Vreme zla - Vrenik,Available
163,7036813299,Vreme zla - Vrenik,Available
164,9436832417,Vreme zla - Vrenik,Available
165,6284220173,Vreme zla - Vrenik,Available
166,6054321660,Vreme zla - Vrenik,Available
167,0697880272,Ubistvo u Orijent ekspresu,Available
168,9604709118,Ubistvo u Orijent ekspresu,Available
169,2565437967,Ubistvo u Orijent ekspresu,Available
170,9846748344,Smrt na Nilu,Available
171,6859347046,Smrt na Nilu,Available
172,9652091098,Smrt na Nilu,Available
173,4385784215,Smrt na Nilu,Available
174,6554177832,Smrt na Nilu,Available
175,7112913876,Smrt na Nilu,Available
176,0089078328,Kukavičje jaje,Available
177,9494544968,Kukavičje jaje,Available
178,8526064487,Kukavičje jaje,Available
179,2629487866,Kukavičje jaje,Available
180,6619747978,Kukavičje jaje,Available
181,8243951779,Kukavičje jaje,Available
182,0643827707,Kukavičje jaje,Available
183,3718928109,Kukavičje jaje,Available
184,5591264417,Kukavičje jaje,Available
185,4411482281,Kukavičje jaje,Available
186,0446737766,Kukavičje jaje,Available
187,7400426324,Kukavičje jaje,Available
188,4927750884,Kum,Available
189,7583381339,Kum,Available
190,3691567139,Kum,Available
191,9171279203,Kum,Available
192,5657322401,Kum,Available
193,9730102588,Ubistvo u Orijent ekspresu,Available
194,2277953576,Vreme zla - Otpadnik,Available
195,5191473610,Luča Mikrokozma,Available
196,5513798677,Vreme zla - Otpadnik,Available
197,5524788411,Zamalek,Available
198,4606719786,Vreme zla - Vrenik,Available
199,2952943431,Gorski vijenac,Available
200,3093636926,Vreme zla - Vrenik,Available
201,2193723334,Derviš i smrt,Available
202,8892976872,Kukavičje jaje,Available
203,3073091061,Zamalek,Available
204,7079825418,Luča Mikrokozma,Available
205,1533438507,Smrt na Nilu,Available
206,9825255662,Gorski vijenac,Available
207,8872847944,Kukavičje jaje,Available
208,6481418293,Luča Mikrokozma,Available
209,1836409189,Derviš i smrt,Available
210,4254881902,Vreme zla - Grešnik,Available
211,6056495353,Na Drini ćuprija,Available
212,1452359560,Kum,Reserved
213,2248098638,Luča Mikrokozma,Available
214,4238776906,Kukavičje jaje,Available
215,9184822875,Kum,Available
216,3654958889,Sicilijanac,Available
217,6978257951,Sicilijanac,Available
218,1307368295,Sicilijanac,Available
219,4845712929,Sicilijanac,Available
220,7586125076,Sicilijanac,Available
221,8677042420,Sicilijanac,Available
222,9442344820,Sicilijanac,Available
223,7123497857,Sicilijanac,Available
224,4348759322,Telo kao dokaz,Available
225,0135362057,Telo kao dokaz,Available
226,4855165086,Telo kao dokaz,Available
227,1089790635,Telo kao dokaz,Available
228,8257585814,Telo kao dokaz,Available
229,5300171752,Telo kao dokaz,Available
230,6737434049,Telo kao dokaz,Available
231,3205322298,Telo kao dokaz,Available
232,9599326591,Postmortem,Available
233,7013240665,Postmortem,Available
234,7013474111,Postmortem,Available
235,6571773290,Postmortem,Available
236,3805906907,Postmortem,Available
237,8953888101,Postmortem,Available
238,6426598532,Uzrok smrti,Available
239,4331065662,Uzrok smrti,Available
240,3048513056,Uzrok smrti,Available
241,9399346494,Uzrok smrti,Available
242,8300964168,Uzrok smrti,Available
243,4515191415,Uzrok smrti,Available
244,0418458594,Uzrok smrti,Available
245,5103304739,Uzrok smrti,Available
246,0634256631,Uzrok smrti,Available
247,9908286461,"Meri, Meri",Available
248,0131558882,"Meri, Meri",Available
249,2787655733,"Meri, Meri",Available
250,1356459099,"Meri, Meri",Available
251,7609078206,"Meri, Meri",Available
252,5454536670,"Meri, Meri",Available
253,9499726316,Ruže su crvene,Available
254,7706434284,Ruže su crvene,Available
255,6170720139,Ruže su crvene,Available
256,3520319583,Ruže su crvene,Available
257,5938843998,Ruže su crvene,Available
258,2105917508,Ruže su crvene,Available
259,0539436431,Ruže su crvene,Available
260,2553881569,Ruže su crvene,Available
261,6185054529,Potraga za lasicom,Available
262,6842765310,Potraga za lasicom,Available
263,4438678443,Potraga za lasicom,Available
264,1555027762,Potraga za lasicom,Available
265,6588765129,Potraga za lasicom,Available
266,7674342048,Potraga za lasicom,Available
267,0644309560,Potraga za lasicom,Available
268,0401047822,Potraga za lasicom,Available
269,9888083317,Potraga za lasicom,Available
270,0335484823,Potraga za lasicom,Available
271,9310653017,Potraga za lasicom,Available
272,6257896064,Potraga za lasicom,Available
273,0467318839,Potraga za lasicom,Available
274,7299615587,Žetva,Available
275,5066444996,Nikom ni reči,Available
276,9400034047,Nikom ni reči,Available
277,5973993579,Nikom ni reči,Available
278,3307437245,Nikom ni reči,Available
279,3620582348,Nikom ni reči,Available
280,7217915539,Nikom ni reči,Available
281,9438973323,Nikom ni reči,Available
282,2862386830,Nikom ni reči,Available
283,9122368725,Nikom ni reči,Available
284,0994995941,Nikom ni reči,Available
285,1417555645,Nikom ni reči,Available
286,9389587005,Igra prestola,Available
287,1361848689,Igra prestola,Available
288,1241993054,Igra prestola,Available
289,6418330244,Sudar kraljeva,Available
290,1195454256,Sudar kraljeva,Available
291,7086071274,Sudar kraljeva,Available
292,9988748321,Sudar kraljeva,Available
293,3473235493,Sudar kraljeva,Available
294,4265066572,Sudar kraljeva,Available
295,6943570872,Sudar kraljeva,Available
296,7303173671,Sudar kraljeva,Available
297,6944234446,Sudar kraljeva,Available
298,3510148619,Oluja mačeva,Available
299,8838248515,Oluja mačeva,Available
300,3380545024,Oluja mačeva,Available
301,1398710592,Oluja mačeva,Available
302,4357367888,Oluja mačeva,Available
303,0890661133,Oluja mačeva,Available
304,1430563804,Oluja mačeva,Available
305,7281422752,Oluja mačeva,Available
306,3624777512,Oluja mačeva,Available
307,9278568039,Kjiga tri znanja,Available
308,6843116641,Kjiga tri znanja,Available
309,5038796916,Postmortem,Available
310,4665558690,Telo kao dokaz,Available
311,2403912230,Uzrok smrti,Reserved
312,9585393403,Žetva,Available
313,8118968503,Telo kao dokaz,Available
314,5103442384,Postmortem,Available
315,5964208895,Žetva,Available
316,0876491438,Sudar kraljeva,Available
317,9318762371,Telo kao dokaz,Available
318,7709479438,Oluja mačeva,Available
319,2996575566,Kum,Available
320,4132924844,Sudar kraljeva,Available
321,3857798305,Sicilijanac,Available
322,8841296736,Uzrok smrti,Available
323,0639038828,Potraga za lasicom,Available
324,2848036096,Igra prestola,Available
325,2483253299,Uzrok smrti,Available
326,5167407930,Uzrok smrti,Available
327,6642590944,Postmortem,Available
328,3900047871,Postmortem,Rented
329,2336535973,Sicilijanac,Available
330,2651962416,Oluja mačeva,Available
331,9823267827,Kjiga tri znanja,Available
332,9473515125,Kjiga tri znanja,Available
333,2201521962,Kjiga tri znanja,Available
334,8874809567,Kjiga tri znanja,Available
335,7655285987,Kjiga tri znanja,Available
336,9587680225,Kjiga tri znanja,Available
337,7011693193,Kjiga tri znanja,Available
338,0856371891,Kjiga tri znanja,Available
339,3259803083,Kjiga tri znanja,Available
340,3429051137,Kjiga tri znanja,Available
341,2988885079,Crni kotao,Available
342,3317328149,Crni kotao,Available
343,6650031700,Crni kotao,Available
344,7468595070,Crni kotao,Available
345,5523238294,Crni kotao,Available
346,2365783355,Crni kotao,Available
347,7981345137,Lirov zamak,Available
348,7073943646,Lirov zamak,Available
349,6063886717,Lirov zamak,Available
350,2151647981,Lirov zamak,Available
351,3135074851,Hiperion,Available
352,0711646700,Hiperion,Available
353,2488579132,Hiperion,Available
354,3917125544,Hiperion,Available
355,1338186695,Pad Hiperiona,Available
356,8093868240,Pad Hiperiona,Available
357,0819916787,Pad Hiperiona,Available
358,2657177058,Pad Hiperiona,Available
359,4456629797,Pad Hiperiona,Available
360,6594561522,Pad Hiperiona,Available
361,5359066265,Endimon,Available
362,8654678545,Endimon,Available
363,7766994995,Endimon,Available
364,0933325780,Endimon,Available
365,3071240343,Endimon,Available
366,1119000396,Endimon,Available
367,6716217037,Uspon Endimona,Available
368,1686704120,Uspon Endimona,Available
369,7507256034,Uspon Endimona,Available
370,1221412798,Uspon Endimona,Available
371,1452384882,Uspon Endimona,Available
372,9297173506,Uspon Endimona,Available
373,2465273814,Farenhajt 451,Available
374,5381832258,Farenhajt 451,Available
375,7682522979,Farenhajt 451,Available
376,5147175601,Farenhajt 451,Available
377,5214959856,Farenhajt 451,Available
378,3158013294,Farenhajt 451,Available
379,4960028955,Farenhajt 451,Available
380,1172610837,Farenhajt 451,Available
381,1843605925,Farenhajt 451,Available
382,5110193853,Farenhajt 451,Available
383,8058111280,Farenhajt 451,Available
384,0477211770,2001: Odiseja u svemiru,Available
385,2482821823,2001: Odiseja u svemiru,Available
386,9677193541,2001: Odiseja u svemiru,Available
387,3375893905,Sastanak s Ramom,Available
388,3229622273,Sastanak s Ramom,Available
389,5625426423,Sastanak s Ramom,Available
390,6203233937,Sastanak s Ramom,Available
391,3438972006,Sastanak s Ramom,Available
392,7735675583,Sastanak s Ramom,Available
393,4225438034,Sastanak s Ramom,Available
394,7391967785,Sastanak s Ramom,Available
395,6142313462,Sastanak s Ramom,Available
396,1743324415,Sastanak s Ramom,Available
397,2979295921,Sastanak s Ramom,Available
398,8959772810,Sastanak s Ramom,Available
399,1241454710,Božiji čekić,Available
400,4531577775,Božiji čekić,Available
401,2192066302,Božiji čekić,Available
402,5405513746,Božiji čekić,Available
403,5562597160,Božiji čekić,Available
404,6275879916,Božiji čekić,Available
405,8943764759,"Ja, robot",Available
406,8136669046,"Ja, robot",Available
407,8146422637,"Ja, robot",Available
408,4889867126,"Ja, robot",Available
409,2442837123,"Ja, robot",Available
410,9251243047,"Ja, robot",Available
411,6611653384,"Ja, robot",Available
412,4157381638,"Ja, robot",Available
413,8172505275,"Ja, robot",Available
414,6990743706,Pad Hiperiona,Available
415,8252471781,Božiji čekić,Available
416,3672372899,"Ja, robot",Available
417,0859665902,Uspon Endimona,Available
418,4757258798,Sastanak s Ramom,Available
419,9687289425,Božiji čekić,Available
420,8098886616,Uspon Endimona,Available
421,2410718014,Pad Hiperiona,Available
422,7952069191,Kraj večnosti,Available
423,8148406733,"Ja, robot",Available
424,4418697697,Lirov zamak,Available
425,9132928198,Pad Hiperiona,Available
426,0544413989,Hiperion,Available
427,4222606323,Endimon,Rented
428,3867073685,Crni kotao,Available
429,5280156618,Hiperion,Available
430,0080787785,Sastanak s Ramom,Available
431,2372659214,Kjiga tri znanja,Available
432,6152924190,Endimon,Available
433,1002923123,Lirov zamak,Available
434,1611414385,Farenhajt 451,Available
435,1634387165,"Ja, robot",Available
436,2453229897,Pad Hiperiona,Available
437,5706276353,2001: Odiseja u svemiru,Available
438,0251723491,Kjiga tri znanja,Available
439,7182969829,Uspon Endimona,Rented
440,6108885535,Endimon,Available
441,6279075912,Božiji čekić,Rented
442,5071398310,Sastanak s Ramom,Reserved
443,0668684092,Crni kotao,Reserved
444,3094542779,Kraj večnosti,Available
445,1312235408,Kraj večnosti,Available
446,3255431243,Kraj večnosti,Available
447,5672176823,Kraj večnosti,Available
448,2052487525,Kraj večnosti,Available
449,4392051224,Kraj večnosti,Available
450,3923138537,Kraj večnosti,Available
451,7458245012,Kraj večnosti,Available
452,5047913301,Spuštanje noći,Available
453,8175531092,Spuštanje noći,Available
454,3604254831,Spuštanje noći,Available
455,6052711768,Rat svetova,Available
456,1233078125,Rat svetova,Available
457,2068565618,Rat svetova,Available
458,3916467490,Rat svetova,Available
459,9919936022,Rat svetova,Available
460,3474098042,Rat svetova,Available
461,7717895688,Rat svetova,Available
462,1191017522,Klanica 5,Available
463,3502341638,Klanica 5,Available
464,0457215920,Klanica 5,Available
465,7937781125,Klanica 5,Available
466,6927326043,Klanica 5,Available
467,3565409809,Problem bola,Available
468,9225693962,Problem bola,Available
469,9596143313,Čuda,Available
470,7462607560,Čuda,Available
471,7226249168,Čuda,Available
472,8706461605,Čuda,Available
473,3296182900,Čuda,Available
474,7383291277,Čuda,Available
475,7984549239,Čuda,Available
476,7807053848,Čuda,Available
477,5984610832,Hrišćanstvo,Available
478,1666512586,Hrišćanstvo,Available
479,5452976228,Hrišćanstvo,Available
480,2355547189,Hrišćanstvo,Available
481,5574736717,Hrišćanstvo,Available
482,3158389273,Država Božija,Available
483,3544586154,Država Božija,Available
484,4588022205,Država Božija,Available
485,3359099622,Država Božija,Available
486,1522129788,Država Božija,Available
487,4914576895,Država Božija,Available
488,8866242117,Država Božija,Available
489,1165108085,Država Božija,Available
490,6553148995,Država Božija,Available
491,9448277995,Vizantija i rimski primat,Available
492,6430413468,Vizantija i rimski primat,Available
493,6902107309,Vizantija i rimski primat,Available
494,6926471989,Vizantija i rimski primat,Available
495,2543614436,Vizantija i rimski primat,Available
496,9976225401,Vizantija i rimski primat,Available
497,1081079591,Vizantija i rimski primat,Available
498,4245781909,Vizantija i rimski primat,Available
499,8837036615,Vizantija i rimski primat,Available
500,8529753288,Vizantija i rimski primat,Available
501,6359686758,Za život sveta,Available
502,3814185305,Za život sveta,Available
503,3082062185,Za život sveta,Available
504,6467039008,Za život sveta,Available
505,6400925952,Za život sveta,Available
506,4902549819,Za život sveta,Available
507,6339519059,Za život sveta,Available
508,4820523652,Za život sveta,Available
509,4864130207,Za život sveta,Available
510,5188600507,Za život sveta,Available
511,6660495637,Za život sveta,Available
512,5361345885,Za život sveta,Available
513,8936964363,Staljin: Dvor crvenog cara,Available
514,3065142276,Staljin: Dvor crvenog cara,Available
515,2515440025,Staljin: Dvor crvenog cara,Available
516,0108109892,Staljin: Dvor crvenog cara,Available
517,1626012134,Staljin: Dvor crvenog cara,Available
518,7629162832,Staljin: Dvor crvenog cara,Available
519,4724620548,Kisindžer: Biografija,Available
520,8622440542,Kisindžer: Biografija,Available
521,3214450165,Kisindžer: Biografija,Available
522,2111737538,Kisindžer: Biografija,Available
523,3671205345,Kisindžer: Biografija,Available
524,1184434343,Kisindžer: Biografija,Available
525,3243325028,Kisindžer: Biografija,Available
526,4882444854,Kisindžer: Biografija,Available
527,6811834539,Vladalac,Available
528,1438925633,Vladalac,Available
529,4653346030,Problem bola,Available
530,3509505256,Rat svetova,Available
531,4566645556,Hrišćanstvo,Available
532,0680719414,Za život sveta,Available
533,3684671868,Klanica 5,Available
534,4960211551,Rat svetova,Available
535,7812083354,Rat svetova,Available
536,4755667211,Spuštanje noći,Available
537,6333046991,Vizantija i rimski primat,Available
538,0429262531,Kraj večnosti,Available
539,2961027603,Država Božija,Available
540,9037142936,Vizantija i rimski primat,Available
541,1238441170,Staljin: Dvor crvenog cara,Available
542,2090319671,Kraj večnosti,Available
543,3578170351,Staljin: Dvor crvenog cara,Available
544,1620806051,Kisindžer: Biografija,Available
545,2126603636,Vizantija i rimski primat,Available
546,2620015157,Hrišćanstvo,Available
547,2182761629,Klanica 5,Available
548,8322930247,Staljin: Dvor crvenog cara,Available
549,0602949501,Vladalac,Available
550,9457593179,Za život sveta,Available
551,4841117852,Problem bola,Reserved
552,1464926417,Vizantija i rimski primat,Available
553,7926536147,Hrišćanstvo,Available
554,5027276124,Vladalac,Available
555,2709694961,Vladalac,Available
556,6616146971,Vladalac,Available
557,3818320835,Vladalac,Available
558,0084638719,Vladalac,Available
559,5317643181,Vladalac,Available
560,8677704205,Vladalac,Available
561,3685528294,Vladalac,Available
562,7538152539,Vladalac,Available
563,5160972481,Etika,Available
564,5744556445,Etika,Available
565,0614952616,Etika,Available
566,2906962163,Etika,Available
567,9271180700,Etika,Available
568,2238249427,Etika,Available
569,5649647343,Levijatan,Available
570,0239393142,Levijatan,Available
571,5821987974,Levijatan,Available
572,0561034219,Levijatan,Available
573,9886635693,Levijatan,Available
574,9741177552,Levijatan,Available
575,9674359638,Levijatan,Available
576,2311636663,Levijatan,Available
577,9186713895,Levijatan,Available
578,2505374514,Levijatan,Available
579,1958256339,Odbrana Sokratova,Available
580,4696948967,Odbrana Sokratova,Available
581,9251281076,Odbrana Sokratova,Available
582,4349446005,Odbrana Sokratova,Available
583,6411444330,Država,Available
584,5755303918,Država,Available
585,2696911117,Država,Available
586,1228553285,Država,Available
587,1071907877,Država,Available
588,9234886167,Nikomahova etika,Available
589,5222039017,Nikomahova etika,Available
590,2665797217,Nikomahova etika,Available
591,5618752789,Nikomahova etika,Available
592,8387987168,Nikomahova etika,Available
593,7938770859,Nikomahova etika,Available
594,8297964706,Nikomahova etika,Available
595,0383332178,Nikomahova etika,Available
596,3525460594,Nikomahova etika,Available
597,4386052005,Nikomahova etika,Available
598,6824733552,Nikomahova etika,Available
599,2933323421,Organon,Available
600,9106008777,Organon,Available
601,6319036390,Metafizika,Available
602,8254002040,Metafizika,Available
603,1926785429,Metafizika,Available
604,0757778092,Metafizika,Available
605,8371290671,Metafizika,Available
606,4015005482,Metafizika,Available
607,5249670644,Zaboravljena gora - Mitska bića drevnog Balkana,Available
608,4087474804,Zaboravljena gora - Mitska bića drevnog Balkana,Available
609,5917214474,Zaboravljena gora - Mitska bića drevnog Balkana,Available
610,8696907064,Zaboravljena gora - Mitska bića drevnog Balkana,Available
611,8784557014,Mitovi i legende,Available
612,0186925239,Mitovi i legende,Available
613,7568887266,Mitovi i legende,Available
614,3183072787,Mitovi i legende,Available
615,0337632377,Mitovi i legende,Available
616,9390440462,Pesme,Available
617,8693018029,Pesme,Available
618,5037895743,Plavi čuperak,Available
619,3988283615,Plavi čuperak,Available
620,3611637965,Plavi čuperak,Available
621,4501622078,Plavi čuperak,Available
622,1389472523,Plavi čuperak,Available
623,5466891067,Plavi čuperak,Available
624,2055951894,Plavi čuperak,Available
625,6408582142,Plavi čuperak,Available
626,7337683474,Plavi čuperak,Available
627,8825911041,Plavi čuperak,Available
628,0228157218,Plavi čuperak,Available
629,9870214515,Koncert za 1001 bubanj,Available
630,1591937357,Koncert za 1001 bubanj,Available
631,1904410534,Koncert za 1001 bubanj,Available
632,5485519836,Koncert za 1001 bubanj,Available
633,4455399416,Koncert za 1001 bubanj,Available
634,6599295706,Koncert za 1001 bubanj,Available
635,8953230708,Koncert za 1001 bubanj,Available
636,9024630428,Koncert za 1001 bubanj,Available
637,4042461107,Etika,Available
638,7545386284,Vladalac,Available
639,3699772866,Metafizika,Available
640,3829238714,Pesme,Available
641,1019874457,Organon,Available
642,6525962514,Metafizika,Available
643,3124587519,Koncert za 1001 bubanj,Available
644,1375726334,Zaboravljena gora - Mitska bića drevnog Balkana,Available
645,2794726312,Vladalac,Available
646,7499288408,Mitovi i legende,Available
647,4561971702,Etika,Available
648,7631908575,Organon,Available
649,9995594383,Država,Available
650,4425496447,Zaboravljena gora - Mitska bića drevnog Balkana,Available
651,4612719928,Koncert za 1001 bubanj,Available
652,0660833253,Vladalac,Available
653,4298789193,Organon,Rented
654,8310205836,Plavi čuperak,Available
655,6515355240,Odbrana Sokratova,Rented
656,9972011227,Organon,Available
657,1151873273,Nikomahova etika,Rented
658,5526195746,Država,Available
659,5677606477,Koncert za 1001 bubanj,Reserved
660,2099410809,Odbrana Sokratova,Reserved
661,7454256331,Koncert za 1001 bubanj,Available
662,7124627805,Amor i Psiha,Available
663,6469296557,Amor i Psiha,Available
664,1640561493,Amor i Psiha,Available
665,8104274445,Amor i Psiha,Available
666,7696828803,Amor i Psiha,Available
667,8523491955,Amor i Psiha,Available
668,2658361955,Amor i Psiha,Available
669,0843304958,Psihološki tipovi,Available
670,5871270701,Psihološki tipovi,Available
671,0035351376,Psihološki tipovi,Available
672,6708482748,Psihološki tipovi,Available
673,6579747069,Psihološki tipovi,Available
674,9066265628,Psihološki tipovi,Available
675,6133098614,Arhetipovi i kolektivno nesvesno,Available
676,6324871620,Zašto se niste ubili?,Available
677,7490771929,Zašto se niste ubili?,Available
678,2485650095,Zašto se niste ubili?,Available
679,6078117042,Mala moja iz Bosanske Krupe,Available
680,9577812689,Mala moja iz Bosanske Krupe,Available
681,9672295576,Mala moja iz Bosanske Krupe,Available
682,9811553615,Ereb,Available
683,5744741863,Ereb,Available
684,9226084539,Ereb,Rented
685,3911801991,Ereb,Rented
686,0434453830,Na rubu Zadužbine,Rented
687,2134225061,Vreme zla - Grešnik,Available
688,2567535486,Sudar kraljeva,Available
689,2655704992,2001: Odiseja u svemiru,Available
690,9231876692,Spuštanje noći,Available
691,5790759998,Vreme zla - Vrenik,Available
692,9113196706,Peloponeski rat,Available
693,3182558632,Arhetipovi i kolektivno nesvesno,Available
694,8061307624,Opadanje i propast Rimskog carstva,Available
695,7692725681,Mala moja iz Bosanske Krupe,Available
696,4516483162,Zašto se niste ubili?,Available
697,4986717718,Psihološki tipovi,Available
698,6243420607,Psihološki tipovi,Available
699,8016353056,Amor i Psiha,Available
700,4983754610,Psihološki tipovi,Available
701,5131325713,Amor i Psiha,Available
702,3813030029,Psihološki tipovi,Available
703,9049472271,Na rubu Zadužbine,Available
704,3185679409,Na rubu Zadužbine,Available
705,9391754114,Na rubu Zadužbine,Available
706,5758588110,Na rubu Zadužbine,Available
707,4687935580,O porijeklu Ilira,Available
708,3110430419,O porijeklu Ilira,Available
709,4174325569,O porijeklu Ilira,Available
710,2728106814,O porijeklu Ilira,Available
711,4345906583,O porijeklu Ilira,Available
712,0776330677,O porijeklu Ilira,Available
713,4135774791,O porijeklu Ilira,Available
714,7092045434,O porijeklu Ilira,Available
715,4543040211,Mala moja iz Bosanske Krupe,Rented
716,2579212822,Arhetipovi i kolektivno nesvesno,Available
717,6145398487,Zašto se niste ubili?,Rented
718,0736177781,Amor i Psiha,Available
719,7692435003,Arhetipovi i kolektivno nesvesno,Rented
720,7424905331,Derviš i smrt,Available
721,3167936428,Ereb,Available
722,5669327065,Ereb,Available
