{"personal_id":{"0":"4066","1":"6307","2":"9527","3":"6474","4":"9362"},"first_name":{"0":"Bojana","1":"Milana","2":"Mihajlo","3":"Petar","4":"Miroslava"},"last_name":{"0":"Savi\u0107","1":"Paji\u0107","2":"Bati\u0107","3":"Krivokapi\u0107","4":"Panteli\u0107"},"address":{"0":"Rabina Alkalaja 4","1":"Jove Ili\u0107a 45","2":"Ravani\u010dka 5","3":"\u010cuburska 18","4":"Strumi\u010dka 71"},"telephone":{"0":"0651212356","1":"0659394949","2":"0620247863","3":"0647852398","4":"0619924893"},"password":{"0":"lib","1":"lib","2":"lib","3":"lib","4":"lib"}}