,membership_id,first_name,last_name,address,telephone,membership_date,password
0,782535,Vlada,Stanković,Tomazeova 31,0622522619,2003-02-18,member
1,161140,Ninoslav,Pavlović,Četvrtog Sremskog bataljona 42,0647110274,2017-06-14,member
2,053501,Dragan,Janjić,Delnička 44,0660457314,2000-08-26,member
3,237644,Dražen,Milošević,Jevrema Grujića 16,0649456002,2014-02-08,member
4,797017,Darko,Živković,Kružna 24,0111285059,2014-10-29,member
5,156421,Laslo,Molnar,Bogdana Velaševića 24,0645828128,2019-05-10,member
6,926053,Darko,Ivanović,Kostolačka 38,0664374685,2022-05-30,member
7,213678,Vasilije,Aleksić,Vojode Đurovića 59,0620181594,2000-08-20,member
8,742542,Aleksandar,Rakić,Radmile Rajković 47,0623425885,2003-05-28,member
9,070590,Dušan,Tomić,Jovana Avakumovića 31,0661861234,2014-09-24,member
10,920121,Gavrilo,Stefanović,Partizanski put 29,0611842833,2007-04-17,member
11,001537,Bogoljub,Lazić,Oštreljska 21,0656655664,2017-11-08,member
12,278038,Isak,Milivojević,Hercegovačka 52,0660175651,2005-03-18,member
13,937577,Čedomir,Risović,Milana Premasunca 14,0602956677,2022-09-30,member
14,019499,Zoran,Marjanović,Milutina Uskokovića 40,0643870790,2015-12-03,member
15,478319,Lazar,Radenković,Knjaževačka 60,0641847736,2017-04-20,member
16,773869,Goran,Petrović,Urvine 28,0645420956,2023-02-14,member
17,848563,Mihailo,Arsić,Dr Teodora Borockog 51,0604398314,2003-06-05,member
18,591129,Marko,Ilić,Valtazara Bogićevića 15,0609147065,2013-12-09,member
19,127105,Ignjat,Janković,Stojana Protića 2,0660937697,2021-11-02,member
20,686518,Nemanja,Grujić,Kolarska 9,0117708888,2020-05-28,member
21,578572,Oto,Kenig,Vrtlarska 7,0638663275,2020-04-24,member
22,464023,Jovan,Marković,Jabučka 57,0649305677,2012-12-18,member
23,498882,Mirko,Plećaš,Lazarevićeva 19,0619475042,2004-12-21,member
24,933328,Slobodan,Đorđević,Železnička 5,0618866941,2017-07-26,member
25,720725,Zlatan,Stefanović,Milorada Petrovića 15,0630469346,2005-08-22,member
26,809492,Ivica,Milenković,Jovana Subotića 4,0651784829,2001-03-15,member
27,074530,Vladimir,Tomović,Đure Mađerčića 60,0664213398,2023-09-06,member
28,733098,Milivoj,Mijatović,Stevana Musića 47,0613205009,2001-04-04,member
29,572829,Kristijan,Maksimović,Čakorska 7,0625683098,2010-08-18,member
30,070252,Vladimir,Ristić,Despota Uglješe 54,0627525934,2002-08-16,member
31,851491,Đorđe,Veličković,Bulevar Vojvode Bojovića 27,0640196197,2007-06-29,member
32,995823,Zorica,Milosavljević,Mihaila Stanojevića 25,0116453526,2007-09-19,member
33,428859,Branko,Mitrović,Kursulina 7,0605328550,2024-05-09,member
34,610223,Petar,Kostić,Olge Alkalaj 5,0659456456,2024-05-09,member
35,002431,Ilija,Pantić,Dese Ležajić 46,0635390540,2017-06-14,member
36,838413,Goran,Trifunović,Maksima Gorkog 52,0643289777,2024-05-13,member
