{"title":{"0":"Opadanje i propast Rimskog carstva","1":"Judejski rat","2":"Judejske starine","3":"Pisma prijatelju","4":"Pitijski dijalozi","5":"Peloponeski rat","6":"Anali","7":"Srednjobalkanska plemena u predrimsko doba","8":"Istorija starog sveta","9":"Pisma Atiku","10":"Istorija","11":"Kolubarska bitka","12":"Srbi i Turci XIV i XV veka","13":"Gorski vijenac","14":"Lu\u010da Mikrokozma","15":"Na Drini \u0107uprija","16":"Dervi\u0161 i smrt","17":"Zamalek","18":"Plime rata","19":"Vreme zla - Gre\u0161nik","20":"Vreme zla - Otpadnik","21":"Vreme zla - Vrenik","22":"Zaboravljena gora - Mitska bi\u0107a drevnog Balkana","23":"Mitovi i legende","24":"Pesme","25":"Plavi \u010duperak","26":"Koncert za 1001 bubanj","27":"Amor i Psiha","28":"Psiholo\u0161ki tipovi","29":"Meri, Meri","30":"Ru\u017ee su crvene","31":"Potraga za lasicom","32":"\u017detva","33":"Nikom ni re\u010di","34":"Igra prestola","35":"Sudar kraljeva","36":"Oluja ma\u010deva","37":"Kjiga tri znanja","38":"Crni kotao","39":"Lirov zamak","40":"Hiperion","41":"Pad Hiperiona","42":"Endimon","43":"Uspon Endimona","44":"Farenhajt 451","45":"2001: Odiseja u svemiru","46":"Sastanak s Ramom","47":"Bo\u017eiji \u010deki\u0107","48":"Ja, robot","49":"Kraj ve\u010dnosti","50":"Spu\u0161tanje no\u0107i","51":"Rat svetova","52":"Klanica 5","53":"Problem bola","54":"\u010cuda","55":"Hri\u0161\u0107anstvo","56":"Dr\u017eava Bo\u017eija","57":"Vizantija i rimski primat","58":"Za \u017eivot sveta","59":"Staljin: Dvor crvenog cara","60":"Kisind\u017eer: Biografija","61":"Ubistvo u Orijent ekspresu","62":"Smrt na Nilu","63":"Kukavi\u010dje jaje","64":"Kum","65":"Sicilijanac","66":"Telo kao dokaz","67":"Postmortem","68":"Uzrok smrti","69":"Vladalac","70":"Etika","71":"Levijatan","72":"Odbrana Sokratova","73":"Dr\u017eava","74":"Nikomahova etika","75":"Organon","76":"Metafizika","77":"Arhetipovi i kolektivno nesvesno","78":"Za\u0161to se niste ubili?","79":"Mala moja iz Bosanske Krupe","80":"Na rubu Zadu\u017ebine","81":"Ereb","82":"O porijeklu Ilira"},"author":{"0":"Edvard Gibon","1":"Josif Flavije","2":"Josif Flavije","3":"Lucije Anej Seneka","4":"Plutarh","5":"Tukidid","6":"Kornelije Tacit","7":"Fanula Papazoglu","8":"Mihail Rostovcev","9":"Marko Tulije Ciceron","10":"Herodot","11":"Slobodan V. Ristanovi\u0107","12":"Stojan Novakovi\u0107","13":"Petar II Petrovi\u0107 Njego\u0161","14":"Petar II Petrovi\u0107 Njego\u0161","15":"Ivo Andri\u0107","16":"Me\u0161a Selimovi\u0107","17":"Dejan Tiago-Stankovi\u0107","18":"Stiven Presfild","19":"Dobrica \u0106osi\u0107","20":"Dobrica \u0106osi\u0107","21":"Dobrica \u0106osi\u0107","22":"Milisav Popovi\u0107","23":"Filip Vilkinson","24":"Desanka Maksimovi\u0107","25":"Miroslav Anti\u0107","26":"Miroslav Anti\u0107","27":"Erih Nojman","28":"Karl Gustav Jung","29":"D\u017eejms Paterson","30":"D\u017eejms Paterson","31":"D\u017eejms Paterson","32":"Tes Garitsen","33":"Harlan Koben","34":"D\u017eord\u017e R. R. Martin","35":"D\u017eord\u017e R. R. Martin","36":"D\u017eord\u017e R. R. Martin","37":"Lojd Aleksander","38":"Lojd Aleksander","39":"Lojd Aleksander","40":"Den Simons","41":"Den Simons","42":"Den Simons","43":"Den Simons","44":"Rej Bredberi","45":"Artur Klark","46":"Artur Klark","47":"Artur Klark","48":"Isak Asimov","49":"Isak Asimov","50":"Isak Asimov","51":"Herbert D\u017eord\u017e Vels","52":"Kurt Vonegat","53":"Klajv Stejpls Luis","54":"Klajv Stejpls Luis","55":"Klajv Stejpls Luis","56":"Aurelije Avgustin","57":"Fransoa Dvornik","58":"Aleksandar \u0160meman","59":"Sajmon Sibag Montefjore","60":"Volter Ajzakson","61":"Agata Kristi","62":"Agata Kristi","63":"Agata Kristi","64":"Mario Puzo","65":"Mario Puzo","66":"Patri\u0161a Kornvel","67":"Patri\u0161a Kornvel","68":"Patri\u0161a Kornvel","69":"Nikolo Makijaveli","70":"Benedikt de Spinoza","71":"Tomas Hobs","72":"Platon","73":"Platon","74":"Aristotel","75":"Aristotel","76":"Aristotel","77":"Karl Gustav Jung","78":"Viktor Frankl","79":"Branko \u0106opi\u0107","80":"Isak Asimov","81":"Ursula Poznanski","82":"Gojko Vuk\u010devi\u0107"},"genre":{"0":"History","1":"History","2":"History","3":"History","4":"History","5":"History","6":"History","7":"History","8":"History","9":"History","10":"History","11":"History","12":"History","13":"Historical novel","14":"Historical novel","15":"Historical novel","16":"Historical novel","17":"Historical novel","18":"Historical novel","19":"Historical novel","20":"Historical novel","21":"Historical novel","22":"Mythology","23":"Mythology","24":"Poetry","25":"Poetry","26":"Poetry","27":"Psychology","28":"Psychology","29":"Thriller","30":"Thriller","31":"Thriller","32":"Thriller","33":"Thriller","34":"Fantasy","35":"Fantasy","36":"Fantasy","37":"Fantasy","38":"Fantasy","39":"Fantasy","40":"Fantasy","41":"Fantasy","42":"Fantasy","43":"Fantasy","44":"Science fiction","45":"Science fiction","46":"Science fiction","47":"Science fiction","48":"Science fiction","49":"Science fiction","50":"Science fiction","51":"Science fiction","52":"Science fiction","53":"Religion","54":"Religion","55":"Religion","56":"Religion","57":"Religion","58":"Religion","59":"Biography","60":"Biography","61":"Crime","62":"Crime","63":"Crime","64":"Crime","65":"Crime","66":"Crime","67":"Crime","68":"Crime","69":"Philosophy","70":"Philosophy","71":"Philosophy","72":"Philosophy","73":"Philosophy","74":"Philosophy","75":"Philosophy","76":"Philosophy","77":"Psychology","78":"Psychology","79":"Poetry","80":"Science fiction","81":"Science fiction","82":"History"},"publication_year":{"0":"2003","1":"2001","2":"2008","3":"1987","4":"1990","5":"1998","6":"1996","7":"2007","8":"1994","9":"1987","10":"1983","11":"1997","12":"1933","13":"1974","14":"1987","15":"1989","16":"1978","17":"2020","18":"2001","19":"1985","20":"1986","21":"1990","22":"2009","23":"2000","24":"1994","25":"1972","26":"1975","27":"1993","28":"1976","29":"2005","30":"2000","31":"1999","32":"1997","33":"2001","34":"1997","35":"1999","36":"2000","37":"1978","38":"1979","39":"1981","40":"1991","41":"1992","42":"1998","43":"1999","44":"1962","45":"1973","46":"1978","47":"1996","48":"1963","49":"1965","50":"1966","51":"1985","52":"1984","53":"1968","54":"1980","55":"1983","56":"1959","57":"1997","58":"1984","59":"2003","60":"1998","61":"1988","62":"1989","63":"1989","64":"1974","65":"1990","66":"1995","67":"1993","68":"1998","69":"1986","70":"2000","71":"1998","72":"1974","73":"1977","74":"1979","75":"1981","76":"1984","77":"1974","78":"1997","79":"1979","80":"1983","81":"2011","82":"1992"}}