,title,author,genre,publication_year
0,Opadanje i propast Rimskog carstva,Edvard Gibon,History,2003
1,Judejski rat,Josif Flavije,History,2001
2,Judejske starine,Josif Flavije,History,2008
3,Pisma prijatelju,Lucije Anej Seneka,History,1987
4,Pitijski dijalozi,Plutarh,History,1990
5,Peloponeski rat,Tukidid,History,1998
6,Anali,Kornelije Tacit,History,1996
7,Srednjobalkanska plemena u predrimsko doba,Fanula Papazoglu,History,2007
8,Istorija starog sveta,Mihail Rostovcev,History,1994
9,Pisma Atiku,Marko Tulije Ciceron,History,1987
10,Istorija,Herodot,History,1983
11,Kolubarska bitka,Slobodan V. Ristanović,History,1997
12,Srbi i Turci XIV i XV veka,Stojan Novaković,History,1933
13,Gorski vijenac,Petar II Petrović Njegoš,Historical novel,1974
14,Luča Mikrokozma,Petar II Petrović Njegoš,Historical novel,1987
15,Na Drini ćuprija,Ivo Andrić,Historical novel,1989
16,Derviš i smrt,Meša Selimović,Historical novel,1978
17,Zamalek,Dejan Tiago-Stanković,Historical novel,2020
18,Plime rata,Stiven Presfild,Historical novel,2001
19,Vreme zla - Grešnik,Dobrica Ćosić,Historical novel,1985
20,Vreme zla - Otpadnik,Dobrica Ćosić,Historical novel,1986
21,Vreme zla - Vrenik,Dobrica Ćosić,Historical novel,1990
22,Zaboravljena gora - Mitska bića drevnog Balkana,Milisav Popović,Mythology,2009
23,Mitovi i legende,Filip Vilkinson,Mythology,2000
24,Pesme,Desanka Maksimović,Poetry,1994
25,Plavi čuperak,Miroslav Antić,Poetry,1972
26,Koncert za 1001 bubanj,Miroslav Antić,Poetry,1975
27,Amor i Psiha,Erih Nojman,Psychology,1993
28,Psihološki tipovi,Karl Gustav Jung,Psychology,1976
29,"Meri, Meri",Džejms Paterson,Thriller,2005
30,Ruže su crvene,Džejms Paterson,Thriller,2000
31,Potraga za lasicom,Džejms Paterson,Thriller,1999
32,Žetva,Tes Garitsen,Thriller,1997
33,Nikom ni reči,Harlan Koben,Thriller,2001
34,Igra prestola,Džordž R. R. Martin,Fantasy,1997
35,Sudar kraljeva,Džordž R. R. Martin,Fantasy,1999
36,Oluja mačeva,Džordž R. R. Martin,Fantasy,2000
37,Kjiga tri znanja,Lojd Aleksander,Fantasy,1978
38,Crni kotao,Lojd Aleksander,Fantasy,1979
39,Lirov zamak,Lojd Aleksander,Fantasy,1981
40,Hiperion,Den Simons,Fantasy,1991
41,Pad Hiperiona,Den Simons,Fantasy,1992
42,Endimon,Den Simons,Fantasy,1998
43,Uspon Endimona,Den Simons,Fantasy,1999
44,Farenhajt 451,Rej Bredberi,Science fiction,1962
45,2001: Odiseja u svemiru,Artur Klark,Science fiction,1973
46,Sastanak s Ramom,Artur Klark,Science fiction,1978
47,Božiji čekić,Artur Klark,Science fiction,1996
48,"Ja, robot",Isak Asimov,Science fiction,1963
49,Kraj večnosti,Isak Asimov,Science fiction,1965
50,Spuštanje noći,Isak Asimov,Science fiction,1966
51,Rat svetova,Herbert Džordž Vels,Science fiction,1985
52,Klanica 5,Kurt Vonegat,Science fiction,1984
53,Problem bola,Klajv Stejpls Luis,Religion,1968
54,Čuda,Klajv Stejpls Luis,Religion,1980
55,Hrišćanstvo,Klajv Stejpls Luis,Religion,1983
56,Država Božija,Aurelije Avgustin,Religion,1959
57,Vizantija i rimski primat,Fransoa Dvornik,Religion,1997
58,Za život sveta,Aleksandar Šmeman,Religion,1984
59,Staljin: Dvor crvenog cara,Sajmon Sibag Montefjore,Biography,2003
60,Kisindžer: Biografija,Volter Ajzakson,Biography,1998
61,Ubistvo u Orijent ekspresu,Agata Kristi,Crime,1988
62,Smrt na Nilu,Agata Kristi,Crime,1989
63,Kukavičje jaje,Agata Kristi,Crime,1989
64,Kum,Mario Puzo,Crime,1974
65,Sicilijanac,Mario Puzo,Crime,1990
66,Telo kao dokaz,Patriša Kornvel,Crime,1995
67,Postmortem,Patriša Kornvel,Crime,1993
68,Uzrok smrti,Patriša Kornvel,Crime,1998
69,Vladalac,Nikolo Makijaveli,Philosophy,1986
70,Etika,Benedikt de Spinoza,Philosophy,2000
71,Levijatan,Tomas Hobs,Philosophy,1998
72,Odbrana Sokratova,Platon,Philosophy,1974
73,Država,Platon,Philosophy,1977
74,Nikomahova etika,Aristotel,Philosophy,1979
75,Organon,Aristotel,Philosophy,1981
76,Metafizika,Aristotel,Philosophy,1984
77,Arhetipovi i kolektivno nesvesno,Karl Gustav Jung,Psychology,1974
78,Zašto se niste ubili?,Viktor Frankl,Psychology,1997
79,Mala moja iz Bosanske Krupe,Branko Ćopić,Poetry,1979
80,Na rubu Zadužbine,Isak Asimov,Science fiction,1983
81,Ereb,Ursula Poznanski,Science fiction,2011
82,O porijeklu Ilira,Gojko Vukčević,History,1992
